{
  "cam_K": [
    645.006103515625,
    0.0,
    645.9017944335938,
    0.0,
    644.17822265625,
    357.5129699707031,
    0.0,
    0.0,
    1.0
  ],
  "depth_scale": 1.0
}